delivery_partner,total_deliveries,average_delivery_time,average_delivery_cost,delay_rate,average_rating,delay_rate_percent
xpressbees,2826,6.323779193205945,868.1657675159234,0.2827317763623496,3.60898796886058,28.27317763623496
ekart,2801,6.268118529096752,869.9667196715459,0.27418779007497324,3.655480185647983,27.418779007497324
shadowfax,2736,6.272295321637427,868.3401559210527,0.2730263157894737,3.6615497076023393,27.302631578947366
amazon logistics,2711,6.2792327554407965,868.1501310217632,0.27222427148653633,3.6444116562154187,27.222427148653633
blue dart,2798,6.296283059328092,863.0217053609722,0.2694781987133667,3.677626876340243,26.94781987133667
ecom express,2722,6.246877296105804,868.7721864070537,0.26634827332843497,3.674504041146216,26.634827332843496
dhl,2802,6.250535331905781,872.8311249107779,0.2633832976445396,3.685224839400428,26.33832976445396
fedex,2818,6.140880056777856,857.3556395315827,0.25159687721788504,3.6983676366217177,25.159687721788504
delhivery,2786,6.155419956927495,848.1098098348887,0.24802584350323043,3.687724335965542,24.80258435032304
